S.No.,CITY 1,CITY 2,"PASSENGERS TO CITY 2","PASSENGERS FROM CITY 2","FREIGHT TO CITY 2","FREIGHT FROM CITY 2","MAIL TO CITY 2","MAIL FROM CITY 2"
1,AGARTALA,AHMEDABAD,310,403,0.9,0.1,0.0,0.0
2,AGARTALA,AIZAWL,580,435,0.0,0.0,0.0,0.0
3,AGARTALA,BENGALURU,"4,516","3,540",11.8,6.4,0.0,0.8
4,AGARTALA,BHUBANESWAR,18,-,0.0,-,0.0,-
5,AGARTALA,CHENNAI,959,906,0.0,0.0,0.0,0.0
6,AGARTALA,DELHI,"5,145","4,836",5.4,12.6,0.1,3.7
7,AGARTALA,DIBRUGARH,"1,578","1,340",0.0,0.0,0.0,0.0
8,AGARTALA,GUWAHATI,"7,137","7,275",1.5,27.1,10.5,4.9
9,AGARTALA,IMPHAL,"1,363","1,909",0.1,10.1,0.0,0.0
10,AGARTALA,KOLKATA,"43,215","40,835",24.6,292.4,1.2,5.7
11,AGARTALA,SHILLONG,785,623,0.0,0.0,0.0,0.0
12,AGATTI ISLAND,BENGALURU,27,41,0.0,0.0,0.0,0.0
13,AGATTI ISLAND,KOCHI,"1,629","2,007",0.6,3.4,0.0,0.0
14,AGATTI ISLAND,MYSORE,17,8,0.0,0.0,0.0,0.0
15,AGRA,BENGALURU,"2,869","2,392",0.0,0.8,0.0,0.0
16,AGRA,BHOPAL,232,339,0.0,0.0,0.0,0.0
17,AGRA,LUCKNOW,428,512,0.0,0.0,0.0,0.0
18,AGRA,MUMBAI,"1,543","1,451",0.0,0.0,0.0,0.0
19,AHMEDABAD,AMRITSAR,"2,301","2,255",0.4,0.3,0.0,0.0
20,AHMEDABAD,BAGDOGRA,"6,630","5,956",8.2,31.4,0.0,0.0
21,AHMEDABAD,BELGAUM,770,712,0.0,0.0,0.0,0.0
22,AHMEDABAD,BENGALURU,"38,170","33,762",292.9,230.9,1.6,9.6
23,AHMEDABAD,BHOPAL,"2,054","2,034",0.4,0.0,0.0,0.6
24,AHMEDABAD,CHANDIGARH,"5,800","5,305",17.8,10.5,0.0,0.0
25,AHMEDABAD,CHENNAI,"14,941","13,123",131.8,145.5,1.4,9.0
26,AHMEDABAD,COIMBATORE,609,-,12.2,-,0.0,-
27,AHMEDABAD,DABOLIM,"20,461","20,164",21.4,14.4,0.0,0.2
28,AHMEDABAD,DEHRA DUN,"3,385","3,335",1.0,1.5,0.0,0.0
29,AHMEDABAD,DELHI,"93,291","87,399","1,245.1","1,256.5",8.9,17.5
30,AHMEDABAD,DURGAPUR,189,295,0.0,0.0,0.0,0.0
31,AHMEDABAD,GUWAHATI,"1,193",967,2.3,1.3,0.0,0.0
32,AHMEDABAD,GWALIOR,"1,214","1,240",3.8,0.7,0.0,0.0
33,AHMEDABAD,HYDERABAD,"16,814","15,196",123.6,72.5,1.2,4.8
34,AHMEDABAD,INDORE,"2,259","2,063",0.3,0.0,0.0,0.0
35,AHMEDABAD,JAIPUR,"8,330","7,304",9.2,3.7,0.0,0.0
36,AHMEDABAD,KOLKATA,"20,590","17,939",202.8,264.9,2.1,3.5
37,AHMEDABAD,LUCKNOW,"10,406","9,474",40.5,9.1,2.4,1.3
38,AHMEDABAD,MUMBAI,"58,395","51,631",803.0,682.6,4.4,30.7
39,AHMEDABAD,NAGPUR,"2,286","2,259",1.1,0.1,0.0,0.0
40,AHMEDABAD,NASIK,829,753,0.0,0.0,0.0,0.0
41,AHMEDABAD,PATNA,"8,097","8,122",54.1,30.1,0.0,0.2
42,AHMEDABAD,PUNE,"19,547","16,329",42.9,35.0,0.8,1.5
43,AHMEDABAD,SHIRDI,531,338,0.0,0.0,0.0,0.0
44,AHMEDABAD,SRINAGAR,117,123,0.0,0.0,0.0,0.0
45,AHMEDABAD,VARANASI,"6,449","5,593",9.8,4.0,0.0,0.0
46,AHMEDABAD,VISAKHAPATNAM,417,340,0.1,2.9,0.0,0.0
47,AIZAWL,DELHI,"1,609","1,810",0.0,6.7,0.0,0.0
48,AIZAWL,GUWAHATI,"3,784","3,439",2.2,6.4,0.0,1.3
49,AIZAWL,IMPHAL,597,595,0.0,0.3,0.0,0.0
50,AIZAWL,KOLKATA,"5,318","5,629",0.2,18.0,0.0,7.7
51,AIZAWL,MUMBAI,80,40,0.0,0.0,0.0,0.0
52,AIZAWL,SHILLONG,345,442,0.0,0.0,0.0,0.0
53,AJMER,DELHI,"2,114","2,023",0.0,0.0,0.0,0.0
54,AJMER,HYDERABAD,"2,338","2,410",0.0,0.0,0.0,0.0
55,AJMER,INDORE,521,493,0.0,0.0,0.0,0.0
56,AJMER,MUMBAI,907,867,0.0,0.0,0.0,0.0
57,AJMER,SURAT,500,572,0.0,0.0,0.0,0.0
58,ALLAHABAD,BENGALURU,"4,562","3,861",0.1,2.4,0.0,2.1
59,ALLAHABAD,BHOPAL,"1,048","1,133",0.0,0.0,0.0,0.8
60,ALLAHABAD,BHUBANESWAR,"1,701","1,976",0.0,0.0,0.0,0.0
61,ALLAHABAD,BILASPUR,498,325,0.0,0.0,0.0,0.0
62,ALLAHABAD,CHENNAI,15,-,0.0,-,0.0,-
63,ALLAHABAD,DEHRA DUN,"1,938","1,968",0.0,0.0,0.0,0.0
64,ALLAHABAD,DELHI,"4,223","4,461",0.0,1.6,0.0,0.2
65,ALLAHABAD,GORAKHPUR,"1,681","1,166",0.0,0.0,0.0,0.0
66,ALLAHABAD,INDORE,"1,769","1,465",0.0,0.0,0.0,0.0
67,ALLAHABAD,JABALPUR,3,1,0.0,0.0,0.0,0.0
68,ALLAHABAD,LUCKNOW,"1,176","1,269",0.1,0.0,0.0,0.0
69,ALLAHABAD,MUMBAI,"5,350","5,357",0.0,0.1,0.0,1.3
70,ALLAHABAD,PUNE,"2,349","2,393",0.0,0.1,0.0,0.2
71,ALLAHABAD,RAIPUR,"2,047","2,042",0.0,0.0,0.0,0.0
72,AMRITSAR,BENGALURU,"2,277","1,915",1.8,2.2,0.0,3.1
73,AMRITSAR,CHENNAI,104,191,0.2,0.2,0.0,0.0
74,AMRITSAR,DABOLIM,"2,151","2,383",0.3,0.3,0.0,0.0
75,AMRITSAR,DELHI,"29,288","27,746",27.3,44.0,0.0,0.0
76,AMRITSAR,GUWAHATI,489,404,0.0,0.0,0.0,0.0
77,AMRITSAR,HYDERABAD,168,233,0.0,0.3,0.0,0.0
78,AMRITSAR,JAIPUR,"1,132","1,211",0.1,0.0,0.0,0.0
79,AMRITSAR,JAMMU,-,145,-,0.0,-,0.0
80,AMRITSAR,KOLKATA,"4,801","4,781",0.7,7.5,0.0,0.0
81,AMRITSAR,LUCKNOW,"1,071","1,306",0.0,0.1,0.0,0.0
82,AMRITSAR,MUMBAI,"18,004","18,758",18.6,19.4,0.0,0.2
83,AMRITSAR,PATNA,"1,553","1,676",1.2,0.2,0.0,0.0
84,AMRITSAR,PUNE,"4,189","5,074",2.6,1.8,0.0,0.1
85,AMRITSAR,RAJKOT,-,86,-,0.0,-,0.0
86,AMRITSAR,SRINAGAR,"11,774","8,165",0.0,3.5,0.0,0.5
87,AURANGABAD,DELHI,"8,414","8,765",22.4,47.6,0.2,0.1
88,AURANGABAD,HYDERABAD,"2,165","2,076",0.0,0.2,0.0,0.0
89,AURANGABAD,MUMBAI,"7,311","6,547",2.2,3.8,0.3,5.2
90,BAGDOGRA,BENGALURU,"16,586","16,003",93.2,90.7,1.0,4.5
91,BAGDOGRA,CHENNAI,"10,548","9,965",32.0,6.0,1.3,0.2
92,BAGDOGRA,DELHI,"43,864","49,161",143.0,241.6,2.8,3.9
93,BAGDOGRA,DIBRUGARH,"1,936","1,316",0.0,0.0,0.0,0.0
94,BAGDOGRA,GUWAHATI,"3,229",-,87.1,-,0.0,-
95,BAGDOGRA,HYDERABAD,"5,621","5,788",28.1,10.2,0.0,0.0
96,BAGDOGRA,KOLKATA,"34,223","33,584",105.7,39.7,13.5,16.7
97,BAGDOGRA,MUMBAI,"16,231","16,417",88.0,66.4,0.0,2.0
98,BAREILLY,BENGALURU,"3,049","2,568",0.0,0.2,0.0,0.0
99,BAREILLY,DELHI,"1,624","1,281",0.0,0.0,0.0,0.0
100,BAREILLY,MUMBAI,"3,257","3,070",0.0,0.1,0.0,0.0
101,BELGAUM,BENGALURU,"2,228","1,999",0.3,0.3,0.0,0.0
102,BELGAUM,DELHI,"5,030","4,781",0.0,0.2,0.0,0.0
103,BELGAUM,HYDERABAD,"4,136","3,951",5.1,3.2,0.0,0.0
104,BELGAUM,INDORE,563,580,0.0,0.0,0.0,0.0
105,BELGAUM,JODHPUR,598,597,0.0,0.0,0.0,0.0
106,BELGAUM,MUMBAI,"3,241","3,250",3.2,5.6,0.0,0.0
107,BELGAUM,NAGPUR,351,380,0.0,0.0,0.0,0.0
108,BELGAUM,NASIK,473,489,0.0,0.0,0.0,0.0
109,BELGAUM,PUNE,731,761,0.0,0.0,0.0,0.0
110,BELGAUM,SURAT,501,543,0.0,0.0,0.0,0.0
111,BELGAUM,TIRUPATI,587,504,0.0,0.0,0.0,0.0
112,BENGALURU,BHOPAL,"4,007","4,652",19.7,5.3,4.9,1.8
113,BENGALURU,BHUBANESWAR,"18,388","25,657",90.1,17.8,16.1,3.6
114,BENGALURU,CHANDIGARH,"16,953","18,718",127.8,283.5,9.3,1.1
115,BENGALURU,CHENNAI,"31,665","36,558",535.1,362.4,17.7,19.6
116,BENGALURU,COIMBATORE,"12,211","13,898",20.4,34.7,0.3,0.0
117,BENGALURU,DABOLIM,"42,483","47,418",18.5,92.8,1.2,1.8
118,BENGALURU,DARBHANGA,"8,207","10,971",28.3,27.9,0.0,0.0
119,BENGALURU,DEHRA DUN,"8,778","9,094",5.2,57.5,3.4,0.0
120,BENGALURU,DELHI,"165,452","189,672","2,417.2","2,239.5",34.3,28.1
121,BENGALURU,DIMAPUR,"1,010",925,1.7,0.0,0.0,0.0
122,BENGALURU,DURGAPUR,"3,347","5,675",14.4,10.4,0.0,0.0
123,BENGALURU,GORAKHPUR,"1,212","1,466",4.3,0.0,0.0,0.0
124,BENGALURU,GUWAHATI,"19,605","25,595",150.2,31.5,16.7,5.4
125,BENGALURU,GWALIOR,"2,146","2,263",4.5,0.9,0.0,0.0
126,BENGALURU,HUBLI,"4,606","4,884",0.8,0.7,1.1,1.4
127,BENGALURU,HYDERABAD,"61,141","68,135",92.1,135.5,26.4,12.1
128,BENGALURU,IMPHAL,"1,029","1,305",2.9,48.3,0.0,0.0
129,BENGALURU,INDORE,"11,321","15,620",89.7,54.3,4.6,1.7
130,BENGALURU,JABALPUR,"2,305","2,515",7.0,0.0,0.0,0.0
131,BENGALURU,JAIPUR,"18,498","23,036",83.8,150.6,8.4,2.1
132,BENGALURU,JAMMU,649,891,0.5,0.0,0.0,0.0
133,BENGALURU,JAMNAGAR,221,229,0.0,0.0,0.0,0.0
134,BENGALURU,JHARSUGUDA,"3,082","4,215",0.0,0.3,0.0,0.0
135,BENGALURU,JODHPUR,"3,062","3,282",1.0,0.0,1.0,0.0
136,BENGALURU,JORHAT,556,739,0.3,0.2,0.0,0.0
137,BENGALURU,KADAPA,152,209,0.0,0.0,0.0,0.0
138,BENGALURU,"KALABURAGI, KARNATAKA","3,005","3,025",0.0,0.0,0.0,0.0
139,BENGALURU,KANNUR,"2,232","2,192",1.9,0.0,0.0,0.0
140,BENGALURU,KANPUR,"2,865","3,830",1.3,0.0,0.0,0.0
141,BENGALURU,KOCHI,"45,677","40,936",119.4,36.9,12.1,4.8
142,BENGALURU,KOLHAPUR,671,612,0.0,0.0,0.0,0.0
143,BENGALURU,KOLKATA,"77,445","86,681",460.4,880.6,23.8,13.1
144,BENGALURU,KOZHIKODE,"2,797","3,166",4.7,0.1,1.0,0.0
145,BENGALURU,KURNOOL,658,889,0.2,0.0,0.0,0.0
146,BENGALURU,LUCKNOW,"18,455","22,969",106.2,56.2,17.5,1.8
147,BENGALURU,MADURAI,"5,783","5,956",1.4,4.2,4.6,0.7
148,BENGALURU,MANGALORE,"19,850","21,839",9.2,0.6,3.4,0.0
149,BENGALURU,MUMBAI,"126,806","146,805","1,120.8","1,567.3",16.4,30.1
150,BENGALURU,MYSORE,392,777,1.1,0.0,0.0,0.0
151,BENGALURU,NAGPUR,"10,699","13,495",39.5,13.1,4.8,2.6
152,BENGALURU,PATNA,"25,259","30,907",149.4,126.6,2.4,2.8
153,BENGALURU,PONDICHERRY,"1,669","1,873",0.0,0.0,0.0,0.0
154,BENGALURU,PORT BLAIR,"8,691","9,599",40.1,10.7,0.2,0.0
155,BENGALURU,PUNE,"46,483","52,349",258.1,204.9,6.8,1.5
156,BENGALURU,RAIPUR,"7,927","10,142",30.2,3.2,5.0,2.0
157,BENGALURU,RAJAHMUNDRY,"3,567","4,209",0.2,0.0,0.0,0.0
158,BENGALURU,RAJKOT,"4,670","5,288",2.3,2.7,0.0,0.0
159,BENGALURU,RANCHI,"14,594","21,312",49.0,60.8,6.4,1.6
160,BENGALURU,SHIRDI,"6,760","7,330",0.1,1.1,0.0,0.0
161,BENGALURU,SRINAGAR,"2,493","2,281",1.2,66.6,0.0,0.0
162,BENGALURU,SURAT,"6,437","8,178",36.0,20.8,1.1,0.6
163,BENGALURU,TIRUCHIRAPALLY,"3,871","3,527",1.1,0.0,0.8,0.0
164,BENGALURU,TIRUPATI,"1,813","1,913",0.1,0.0,0.3,0.0
165,BENGALURU,TRIVANDRUM,"20,305","20,904",24.1,3.6,2.4,4.2
166,BENGALURU,TUTICORIN,"1,845","1,873",0.2,0.0,0.0,0.0
167,BENGALURU,UDAIPUR,"1,713","1,897",1.3,0.3,0.0,0.0
168,BENGALURU,VADODARA,"6,072","6,455",17.1,9.4,5.6,0.2
169,BENGALURU,VARANASI,"12,391","16,832",20.1,109.8,7.3,0.3
170,BENGALURU,VIJAYAWADA,"8,767","9,455",6.0,2.4,9.9,0.6
171,BENGALURU,VISAKHAPATNAM,"14,503","19,251",37.5,40.3,7.3,0.7
172,BHAVNAGAR,MUMBAI,"2,097","2,036",0.0,0.0,0.0,0.0
173,BHAVNAGAR,PUNE,945,791,0.0,0.0,0.0,0.0
174,BHOPAL,CHENNAI,"1,204","1,246",0.0,7.4,0.3,0.0
175,BHOPAL,DELHI,"18,954","16,404",11.9,69.3,9.6,12.4
176,BHOPAL,HYDERABAD,"2,791","2,345",0.0,0.7,1.0,0.9
177,BHOPAL,KOCHI,759,763,0.4,0.1,0.6,0.0
178,BHOPAL,MUMBAI,"14,316","12,928",7.6,55.6,2.4,15.7
179,BHOPAL,RAIPUR,"2,153","2,161",0.0,0.0,0.9,0.0
180,BHUBANESWAR,CHANDIGARH,979,735,0.0,7.0,0.0,0.0
181,BHUBANESWAR,CHENNAI,"9,219","7,933",2.0,35.9,2.1,8.0
182,BHUBANESWAR,DEHRA DUN,-,67,-,0.0,-,0.0
183,BHUBANESWAR,DELHI,"36,976","38,311",48.3,252.9,13.6,24.7
184,BHUBANESWAR,HYDERABAD,"16,363","13,908",4.1,28.9,1.4,4.2
185,BHUBANESWAR,JAIPUR,"1,833","2,080",0.0,1.8,0.0,0.0
186,BHUBANESWAR,JHARSUGUDA,"1,402","1,372",0.0,0.0,0.0,0.0
187,BHUBANESWAR,KOLKATA,"16,327","19,290",40.3,46.0,6.2,32.6
188,BHUBANESWAR,LUCKNOW,425,572,0.0,0.0,0.0,0.0
189,BHUBANESWAR,MUMBAI,"20,264","19,126",34.5,123.6,4.6,32.8
190,BHUBANESWAR,PATNA,"2,603","2,668",0.3,1.0,0.0,0.0
191,BHUBANESWAR,PUNE,"6,498","5,348",5.2,6.6,0.0,0.3
192,BHUBANESWAR,RAIPUR,"2,061","1,573",0.1,0.0,0.0,0.3
193,BHUBANESWAR,RANCHI,494,529,0.0,0.3,0.0,0.0
194,BHUBANESWAR,VARANASI,"1,556","1,863",0.0,0.0,0.0,0.0
195,BHUJ,MUMBAI,"1,007","1,010",0.0,0.1,0.0,0.0
196,BIKANER,DELHI,"1,265","1,342",0.0,0.0,0.0,0.0
197,BILASPUR,DELHI,329,347,0.0,0.0,0.0,0.0
198,BILASPUR,JABALPUR,303,424,0.0,0.0,0.0,0.0
199,CHANDIGARH,CHENNAI,"4,301","5,154",35.4,44.4,0.0,4.3
200,CHANDIGARH,DABOLIM,"6,743","7,350",22.2,1.0,0.0,0.1
201,CHANDIGARH,DEHRA DUN,52,45,0.0,0.0,0.0,0.0
202,CHANDIGARH,DELHI,"34,116","33,828",163.8,40.0,3.6,1.0
203,CHANDIGARH,DHARAMSALA,896,953,0.0,0.0,0.0,0.0
204,CHANDIGARH,GUWAHATI,849,833,1.6,0.2,0.0,0.0
205,CHANDIGARH,HYDERABAD,"14,446","15,317",79.7,59.0,0.9,0.0
206,CHANDIGARH,JAIPUR,"3,678","3,035",0.0,1.7,0.0,0.0
207,CHANDIGARH,KOLKATA,"2,658","3,199",32.8,16.4,0.0,0.0
208,CHANDIGARH,KULLU,379,82,0.0,0.0,0.0,0.0
209,CHANDIGARH,LEH,909,"1,346",1.1,0.1,0.0,0.0
210,CHANDIGARH,LUCKNOW,"3,958","4,384",4.1,0.2,0.0,0.0
211,CHANDIGARH,MUMBAI,"45,321","47,834",360.4,185.9,0.1,12.1
212,CHANDIGARH,PATNA,"3,208","3,194",13.3,0.0,0.0,0.0
213,CHANDIGARH,PUNE,"5,493","5,286",43.7,13.0,0.0,0.0
214,CHANDIGARH,SRINAGAR,"11,303","10,354",10.6,7.6,0.0,0.7
215,CHANDIGARH,VADODARA,-,173,-,0.0,-,0.0
216,CHENNAI,COIMBATORE,"32,581","30,305",22.0,6.2,0.1,0.0
217,CHENNAI,DABOLIM,"5,168","5,341",3.1,17.5,0.2,0.5
218,CHENNAI,DARBHANGA,417,380,0.0,0.6,0.0,0.0
219,CHENNAI,DEHRA DUN,941,"1,001",0.5,22.4,0.0,0.0
220,CHENNAI,DELHI,"78,095","88,243","1,217.4","1,069.2",50.2,24.1
221,CHENNAI,DIBRUGARH,435,660,0.0,4.6,0.0,0.0
222,CHENNAI,DURGAPUR,"5,231","5,526",1.8,3.4,0.0,0.0
223,CHENNAI,GORAKHPUR,249,-,0.0,-,0.0,-
224,CHENNAI,GUWAHATI,"14,406","16,768",147.2,27.3,4.3,0.2
225,CHENNAI,HUBLI,"1,594","1,645",0.0,0.3,0.3,0.0
226,CHENNAI,HYDERABAD,"41,854","44,288",572.2,667.4,28.1,27.9
227,CHENNAI,INDORE,"2,875","3,703",82.9,64.3,4.3,1.4
228,CHENNAI,JABALPUR,64,180,0.0,0.1,0.0,0.0
229,CHENNAI,JAIPUR,"5,193","5,711",23.9,100.8,4.1,0.5
230,CHENNAI,JODHPUR,"5,144","5,372",1.1,0.0,0.0,0.0
231,CHENNAI,KADAPA,195,368,0.0,0.0,0.0,0.0
232,CHENNAI,KANNUR,"2,297","2,196",0.1,0.0,0.0,0.0
233,CHENNAI,KOCHI,"21,462","20,870",29.1,34.2,11.1,2.6
234,CHENNAI,KOLHAPUR,-,4,-,0.0,-,0.0
235,CHENNAI,KOLKATA,"45,043","47,135",348.6,420.2,8.1,2.7
236,CHENNAI,KOZHIKODE,"2,137","2,218",0.7,0.0,0.4,0.0
237,CHENNAI,KURNOOL,689,713,0.0,0.0,0.0,0.0
238,CHENNAI,LUCKNOW,"3,975","4,108",20.4,12.0,6.1,0.9
239,CHENNAI,MADURAI,"14,354","13,816",1.7,9.1,0.8,1.9
240,CHENNAI,MANGALORE,"2,219","2,269",0.1,0.0,1.0,0.0
241,CHENNAI,MUMBAI,"67,031","72,220",587.2,521.5,41.7,30.6
242,CHENNAI,MYSORE,"1,935","2,032",0.1,0.0,0.0,0.0
243,CHENNAI,NAGPUR,"3,047","2,377",5.6,4.2,0.5,0.0
244,CHENNAI,NASIK,186,176,0.0,0.0,0.0,0.0
245,CHENNAI,PATNA,"5,575","6,160",28.2,3.7,3.9,1.3
246,CHENNAI,PORT BLAIR,"15,730","17,002",122.3,77.3,6.9,4.0
247,CHENNAI,PUNE,"23,638","24,319",344.6,244.8,7.0,4.3
248,CHENNAI,RAIPUR,"2,783","3,006",9.1,1.2,1.5,0.9
249,CHENNAI,RAJAHMUNDRY,"1,435","1,649",0.0,0.0,0.0,0.0
250,CHENNAI,RANCHI,"3,229","3,845",22.5,3.7,3.9,0.0
251,CHENNAI,SHIRDI,"6,732","6,469",27.2,8.4,1.8,0.0
252,CHENNAI,SRINAGAR,"1,057","1,105",0.0,52.0,0.0,0.0
253,CHENNAI,SURAT,"3,329","3,989",62.4,15.5,3.3,0.7
254,CHENNAI,TIRUCHIRAPALLY,"7,256","5,963",0.9,0.1,0.2,0.0
255,CHENNAI,TIRUPATI,42,-,0.0,-,0.0,-
256,CHENNAI,TRIVANDRUM,"15,465","14,887",6.1,0.5,6.4,2.4
257,CHENNAI,TUTICORIN,"7,603","7,138",0.1,0.0,0.0,0.0
258,CHENNAI,VADODARA,"1,360","1,499",10.7,6.8,0.0,0.1
259,CHENNAI,VARANASI,"2,725","2,720",3.4,6.5,2.3,0.0
260,CHENNAI,VIJAYAWADA,"3,033","3,359",1.7,1.1,1.2,0.0
261,CHENNAI,VISAKHAPATNAM,"9,358","11,323",25.2,18.6,4.8,2.7
262,COIMBATORE,DABOLIM,519,-,0.0,-,0.0,-
263,COIMBATORE,DELHI,"12,266","14,279",92.8,101.5,0.0,3.3
264,COIMBATORE,GUWAHATI,499,245,0.3,0.0,0.0,0.0
265,COIMBATORE,HYDERABAD,"19,965","21,182",57.4,14.7,0.0,0.0
266,COIMBATORE,JAIPUR,533,539,2.6,1.3,0.0,0.0
267,COIMBATORE,KOZHIKODE,172,-,0.0,-,0.0,-
268,COIMBATORE,MANGALORE,-,72,-,0.0,-,0.0
269,COIMBATORE,MUMBAI,"16,684","17,127",111.8,123.0,4.9,6.5
270,COIMBATORE,MYSORE,58,-,0.0,-,0.0,-
271,COIMBATORE,PUNE,"4,664","3,733",6.8,16.9,0.0,0.4
272,COIMBATORE,SURAT,"1,081",944,0.0,0.1,0.0,0.0
273,COIMBATORE,TIRUPATI,406,446,0.0,0.0,0.0,0.0
274,COIMBATORE,VISAKHAPATNAM,-,275,-,0.0,-,0.0
275,DABOLIM,DELHI,"66,739","65,253",111.6,192.4,1.8,1.3
276,DABOLIM,GUWAHATI,827,3,0.4,0.0,0.0,0.0
277,DABOLIM,HYDERABAD,"47,290","42,553",40.9,26.6,0.4,0.0
278,DABOLIM,INDORE,"3,804","3,894",0.2,1.0,0.1,0.0
279,DABOLIM,JAIPUR,"3,354","3,251",1.6,1.0,0.1,0.0
280,DABOLIM,KOLKATA,"8,161","7,428",18.1,29.4,0.8,0.0
281,DABOLIM,LUCKNOW,"4,009","4,001",3.8,2.0,0.4,0.0
282,DABOLIM,MUMBAI,"98,508","96,112",107.3,123.5,3.8,11.5
283,DABOLIM,MYSORE,"1,241","1,272",0.0,0.0,0.0,0.0
284,DABOLIM,NAGPUR,"2,565","2,717",1.7,0.0,0.1,0.0
285,DABOLIM,PUNE,"9,809","8,960",4.0,1.0,0.0,0.0
286,DABOLIM,RAIPUR,"1,175","1,050",0.1,0.1,0.1,0.0
287,DABOLIM,RAJKOT,"2,344","2,166",0.0,0.0,0.0,0.0
288,DABOLIM,SURAT,"6,506","6,031",10.4,13.6,0.1,0.0
289,DARBHANGA,DELHI,"9,779","9,548",20.0,27.9,0.0,0.0
290,DARBHANGA,HYDERABAD,"2,743","2,744",3.4,0.1,0.0,0.0
291,DARBHANGA,KOLKATA,"2,556","2,473",7.0,0.3,0.0,0.0
292,DARBHANGA,MUMBAI,"9,905","10,470",38.3,19.9,0.0,0.0
293,DEHRA DUN,DELHI,"31,652","34,343",15.3,9.2,0.1,0.0
294,DEHRA DUN,GUWAHATI,838,744,0.1,0.0,0.0,0.0
295,DEHRA DUN,HYDERABAD,"5,160","4,945",0.3,3.3,0.0,0.0
296,DEHRA DUN,JAIPUR,"3,967","4,466",0.0,0.2,0.0,0.0
297,DEHRA DUN,KOLKATA,"2,678","2,678",1.4,0.9,0.0,0.0
298,DEHRA DUN,LUCKNOW,"4,374","4,425",0.0,0.0,0.0,0.7
299,DEHRA DUN,MUMBAI,"18,317","19,856",7.1,13.4,0.0,3.0
300,DEHRA DUN,PANTNAGAR,"1,085","1,115",0.0,0.0,0.0,0.0
301,DEHRA DUN,PUNE,772,660,0.2,0.7,0.0,0.4
302,DEHRA DUN,VARANASI,"1,308","1,347",0.6,1.6,0.0,0.0
303,DELHI,DHARAMSALA,"9,589","7,751",0.0,0.0,0.0,0.0
304,DELHI,DIBRUGARH,"12,914","8,272",34.7,2.2,2.6,3.0
305,DELHI,DIMAPUR,"2,609","2,643",2.0,6.3,0.0,2.7
306,DELHI,DURGAPUR,"4,576","4,668",0.5,1.4,0.0,0.0
307,DELHI,GAYA,"4,250","4,328",0.3,0.0,0.0,0.0
308,DELHI,GORAKHPUR,"14,728","13,762",17.5,21.0,14.4,0.0
309,DELHI,GUWAHATI,"55,032","55,233",388.0,175.8,28.2,15.9
310,DELHI,GWALIOR,"1,098","1,477",0.3,0.0,0.0,0.0
311,DELHI,HYDERABAD,"115,216","106,326","1,161.8","1,152.0",27.6,5.8
312,DELHI,IMPHAL,"9,865","9,395",90.7,123.1,7.4,0.7
313,DELHI,INDORE,"30,815","31,666",207.7,152.7,13.8,10.1
314,DELHI,JABALPUR,"8,642","7,965",7.5,7.5,0.0,0.0
315,DELHI,JAGDALPUR,107,316,0.0,0.0,0.0,0.0
316,DELHI,JAIPUR,"18,226","16,936",36.5,52.6,0.0,18.5
317,DELHI,JAMMU,"38,809","43,659",55.2,29.0,0.4,0.0
318,DELHI,JHARSUGUDA,"5,689","5,617",5.8,0.0,0.0,0.0
319,DELHI,JODHPUR,"6,504","6,835",1.7,0.1,0.0,0.0
320,DELHI,JORHAT,"1,107","1,191",0.0,0.0,0.0,0.0
321,DELHI,KANDLA,"2,524","2,032",0.0,0.0,0.0,0.0
322,DELHI,KANNUR,"1,640","1,381",0.9,0.0,0.0,0.0
323,DELHI,KANPUR,"2,523","2,452",1.9,0.0,0.0,0.0
324,DELHI,KHAJURAHO,516,488,0.0,0.0,0.0,0.0
325,DELHI,KOCHI,"41,691","39,100",390.0,109.0,21.1,6.1
326,DELHI,KOLKATA,"117,834","111,106","1,644.5","1,982.0",51.6,56.4
327,DELHI,KOZHIKODE,"7,072","6,955",22.6,1.5,1.1,0.0
328,DELHI,KULLU,846,279,0.0,0.0,0.0,0.0
329,DELHI,LEH,"60,408","50,707",157.1,7.4,4.9,0.0
330,DELHI,LUCKNOW,"46,238","45,318",184.9,98.9,38.3,15.3
331,DELHI,MADURAI,"4,591","4,333",22.2,32.7,0.0,0.0
332,DELHI,MANGALORE,498,467,0.0,0.0,0.0,0.0
333,DELHI,MUMBAI,"257,349","254,051","3,183.1","2,540.0",46.3,59.2
334,DELHI,NAGPUR,"26,300","26,836",228.2,70.0,10.2,3.7
335,DELHI,NASIK,594,678,0.0,0.0,0.0,0.0
336,DELHI,PAKYONG,"1,159","1,074",0.0,0.0,0.0,0.0
337,DELHI,PANTNAGAR,"4,485","3,851",0.5,0.0,0.0,0.0
338,DELHI,PATHANKOT,604,592,0.0,0.0,0.0,0.0
339,DELHI,PATNA,"70,609","69,703",373.2,148.0,25.0,14.6
340,DELHI,PORBANDAR,875,920,0.0,0.0,0.0,0.0
341,DELHI,PORT BLAIR,"3,677","3,071",21.9,4.4,0.1,0.0
342,DELHI,PUNE,"107,142","102,917","1,004.1",645.2,10.6,5.4
343,DELHI,RAIPUR,"30,857","31,726",200.3,30.6,16.7,2.3
344,DELHI,RAJKOT,"13,847","14,405",16.7,26.4,0.0,0.0
345,DELHI,RANCHI,"38,140","38,333",288.1,163.0,18.0,9.9
346,DELHI,SHILLONG,296,188,0.0,0.0,0.0,0.0
347,DELHI,SHIRDI,"9,633","9,502",29.3,12.2,0.0,1.8
348,DELHI,SILCHAR,"1,744","2,028",0.0,0.0,0.0,0.0
349,DELHI,SRINAGAR,"156,583","144,381",479.3,409.2,11.7,24.1
350,DELHI,SURAT,"25,219","25,983",92.2,81.0,4.2,2.1
351,DELHI,TIRUCHIRAPALLY,"1,020",525,0.1,0.0,0.0,0.0
352,DELHI,TIRUPATI,"2,818","1,926",0.8,5.8,0.0,0.0
353,DELHI,TRIVANDRUM,"12,827","11,553",49.3,3.6,4.8,4.8
354,DELHI,UDAIPUR,"12,836","13,141",3.4,1.3,0.0,0.0
355,DELHI,VADODARA,"20,017","22,831",38.2,46.7,2.6,1.3
356,DELHI,VARANASI,"34,385","27,985",157.0,39.5,20.0,2.1
357,DELHI,VIJAYAWADA,"6,459","6,421",15.3,5.7,0.0,0.0
358,DELHI,VISAKHAPATNAM,"20,841","18,250",122.0,60.8,5.3,0.0
359,DELHI,Kushinagar International Airport,"1,844","1,807",0.0,0.0,0.0,0.0
360,DHARAMSALA,JAIPUR,"1,249","1,606",0.0,0.0,0.0,0.0
361,DIBRUGARH,DIMAPUR,193,90,0.0,0.0,0.0,0.2
362,DIBRUGARH,GUWAHATI,"4,228","2,546",1.0,0.0,0.0,3.9
363,DIBRUGARH,IMPHAL,657,891,0.0,0.0,0.0,0.0
364,DIBRUGARH,KOLKATA,"9,553","9,363",35.0,40.2,3.6,6.4
365,DIBRUGARH,MUMBAI,580,941,0.2,0.3,0.0,0.0
366,DIBRUGARH,SHILLONG,230,374,0.0,0.0,0.0,0.0
367,DIMAPUR,GUWAHATI,943,779,0.0,0.7,0.0,0.0
368,DIMAPUR,IMPHAL,"1,029","1,131",5.1,0.1,0.0,0.0
369,DIMAPUR,KOLKATA,"4,417","4,394",2.3,69.9,8.6,5.2
370,DIMAPUR,MUMBAI,164,189,0.0,0.0,0.0,0.0
371,DIMAPUR,SHILLONG,255,364,0.0,0.0,0.0,0.0
372,DIU,MUMBAI,"1,855","1,697",0.0,0.0,0.0,0.0
373,DIU,PUNE,0,2,0.0,0.0,0.0,0.0
374,DURGAPUR,GUWAHATI,615,426,0.0,2.6,0.0,0.0
375,DURGAPUR,HYDERABAD,"3,418","2,614",6.0,0.2,0.0,0.0
376,DURGAPUR,MUMBAI,"5,514","4,967",0.0,3.4,0.0,0.0
377,DURGAPUR,TRIVANDRUM,78,67,0.0,0.0,0.0,0.0
378,DURGAPUR,VADODARA,-,49,-,0.0,-,0.0
379,GAYA,KOLKATA,"2,631","1,997",0.0,0.1,0.0,0.0
380,GAYA,MUMBAI,470,461,0.0,0.0,0.0,0.0
381,GHAZIABAD,HUBLI,822,836,0.0,0.0,0.0,0.0
382,GHAZIABAD,"KALABURAGI, KARNATAKA",554,586,0.0,0.0,0.0,0.0
383,GORAKHPUR,HYDERABAD,"4,011","4,292",0.0,2.5,0.0,0.7
384,GORAKHPUR,KANPUR,287,321,0.0,0.0,0.0,0.0
385,GORAKHPUR,KOLKATA,"2,142","2,173",0.0,0.0,0.0,0.0
386,GORAKHPUR,LUCKNOW,536,359,0.0,0.0,0.0,0.0
387,GORAKHPUR,MUMBAI,"10,471","10,903",0.0,37.1,0.0,3.9
388,GORAKHPUR,VARANASI,"1,002",646,0.2,0.0,0.0,0.0
389,GUWAHATI,HYDERABAD,"5,117","4,910",2.6,43.3,2.9,3.5
390,GUWAHATI,IMPHAL,"14,812","15,114",47.3,37.1,5.2,6.8
391,GUWAHATI,JAIPUR,"5,216","5,895",38.1,32.0,0.0,0.7
392,GUWAHATI,JODHPUR,41,168,0.0,0.0,0.0,0.0
393,GUWAHATI,JORHAT,421,632,0.0,0.0,0.0,0.0
394,GUWAHATI,KOLKATA,"39,569","42,528",80.6,281.8,6.7,23.5
395,GUWAHATI,LILABARI,107,101,0.0,0.0,0.0,0.0
396,GUWAHATI,LUCKNOW,"3,978","3,809",1.5,2.6,0.0,0.0
397,GUWAHATI,MUMBAI,"19,363","17,166",54.4,140.4,3.4,12.5
398,GUWAHATI,PASIGHAT,290,252,0.0,0.0,0.0,0.0
399,GUWAHATI,PATNA,"4,490","5,109",2.5,12.7,0.0,0.0
400,GUWAHATI,PUNE,"5,164","4,941",3.3,27.8,0.0,1.1
401,GUWAHATI,RUPSI,765,686,0.0,0.0,0.0,0.0
402,GUWAHATI,SHILLONG,146,105,0.0,0.0,0.0,0.0
403,GUWAHATI,SILCHAR,"4,462","4,803",29.8,0.0,0.0,0.0
404,GUWAHATI,TEZPUR,160,30,0.0,0.0,0.0,0.0
405,GUWAHATI,TEZU,285,432,0.0,0.0,0.0,0.0
406,GUWAHATI,VARANASI,"1,231","1,322",4.4,1.4,0.0,0.0
407,GWALIOR,HYDERABAD,"1,898","1,737",0.2,5.9,0.0,0.0
408,GWALIOR,INDORE,"1,370","1,366",0.0,0.0,0.0,0.0
409,GWALIOR,JAMMU,935,716,0.0,0.0,0.0,0.0
410,GWALIOR,KOLKATA,"1,639","1,511",7.0,1.2,0.0,0.0
411,GWALIOR,MUMBAI,"1,342","1,327",0.7,2.5,0.0,0.0
412,HUBLI,HYDERABAD,"1,783","1,724",0.2,0.4,0.0,0.0
413,HUBLI,MANGALORE,772,720,0.0,0.0,0.0,0.0
414,HUBLI,MUMBAI,"1,897","2,079",0.4,0.0,0.0,0.2
415,HUBLI,MYSORE,395,389,0.0,0.0,0.0,0.0
416,HYDERABAD,IMPHAL,254,235,2.0,3.4,0.0,0.0
417,HYDERABAD,INDORE,"9,829","11,817",21.4,17.5,2.4,1.3
418,HYDERABAD,JABALPUR,"2,559","3,313",1.1,0.3,0.0,0.0
419,HYDERABAD,JAGDALPUR,"1,216","1,254",0.0,0.0,0.0,0.0
420,HYDERABAD,JAIPUR,"14,730","15,794",28.1,66.2,0.3,1.2
421,HYDERABAD,JAMMU,"1,143",-,0.0,-,0.0,-
422,HYDERABAD,JAMNAGAR,592,489,0.0,0.0,0.0,0.0
423,HYDERABAD,JHARSUGUDA,"2,412","2,237",2.6,0.0,0.0,0.0
424,HYDERABAD,JODHPUR,"1,873","2,024",0.0,0.0,0.0,0.0
425,HYDERABAD,KADAPA,"1,136","1,137",0.1,0.0,0.0,0.0
426,HYDERABAD,KANDLA,-,1,-,0.0,-,0.0
427,HYDERABAD,KANNUR,"2,069","2,168",0.9,0.0,0.0,0.0
428,HYDERABAD,KOCHI,"17,839","17,105",36.3,17.2,11.6,4.3
429,HYDERABAD,KOLHAPUR,"3,080","2,913",0.5,0.0,0.0,0.0
430,HYDERABAD,KOLKATA,"40,729","39,985",368.9,487.5,6.3,5.7
431,HYDERABAD,KOZHIKODE,"2,209","2,240",0.5,0.0,0.0,0.0
432,HYDERABAD,LUCKNOW,"11,138","12,614",34.7,21.6,0.5,0.9
433,HYDERABAD,MADURAI,"4,815","4,367",2.8,8.3,0.0,0.0
434,HYDERABAD,MANGALORE,"4,316","4,155",0.3,0.0,0.1,0.0
435,HYDERABAD,MUMBAI,"65,501","69,304",553.9,830.8,20.6,19.5
436,HYDERABAD,MYSORE,"2,963","3,072",0.1,0.0,0.0,0.0
437,HYDERABAD,NAGPUR,"1,931","1,965",2.5,0.0,0.0,0.0
438,HYDERABAD,PATNA,"11,515","12,149",34.5,11.1,2.0,1.7
439,HYDERABAD,PONDICHERRY,"2,266","2,197",4.6,0.0,0.0,0.0
440,HYDERABAD,PORT BLAIR,"2,140","2,193",9.6,2.3,0.0,0.0
441,HYDERABAD,PUNE,"12,444","13,996",59.4,38.4,1.4,3.0
442,HYDERABAD,RAIPUR,"9,047","9,850",10.0,1.0,4.5,1.1
443,HYDERABAD,RAJAHMUNDRY,"9,447","9,756",0.4,0.4,0.0,0.0
444,HYDERABAD,RANCHI,"8,356","9,194",7.6,3.7,0.0,0.0
445,HYDERABAD,SHIRDI,"7,152","7,245",9.1,0.9,0.0,0.0
446,HYDERABAD,SRINAGAR,"4,098","3,992",0.8,1.8,0.0,0.0
447,HYDERABAD,SURAT,"4,057","5,052",21.7,31.4,0.0,0.6
448,HYDERABAD,TIRUCHIRAPALLY,"3,778","3,186",0.5,0.3,0.0,0.0
449,HYDERABAD,TIRUPATI,"22,907","23,404",7.0,1.6,3.8,0.0
450,HYDERABAD,TRIVANDRUM,"5,087","4,460",1.2,0.4,0.1,1.3
451,HYDERABAD,UDAIPUR,"2,894","3,334",0.4,0.3,0.0,0.0
452,HYDERABAD,VADODARA,"5,619","6,373",33.0,17.4,0.0,0.4
453,HYDERABAD,VARANASI,"10,164","10,742",7.1,21.0,0.0,0.3
454,HYDERABAD,VIJAYAWADA,"11,084","10,412",5.2,6.2,4.6,1.1
455,HYDERABAD,VISAKHAPATNAM,"30,057","29,763",38.0,56.9,3.1,0.0
456,IMPHAL,KOLKATA,"14,556","14,380",29.0,86.1,3.2,10.9
457,IMPHAL,MUMBAI,800,929,2.7,0.4,0.0,0.0
458,IMPHAL,SHILLONG,737,691,0.0,0.0,0.0,0.0
459,INDORE,JABALPUR,"1,202","1,244",0.0,0.0,0.0,0.0
460,INDORE,JAIPUR,"3,317","3,381",0.0,0.0,0.0,0.0
461,INDORE,JAMMU,"2,254","1,825",0.0,0.0,0.0,0.0
462,INDORE,KOLKATA,"3,512","3,419",14.2,15.7,1.1,0.8
463,INDORE,LUCKNOW,"2,238","2,321",0.0,0.0,0.0,0.0
464,INDORE,MUMBAI,"22,442","22,832",104.4,104.9,5.6,16.2
465,INDORE,NAGPUR,"1,975","1,895",0.0,0.0,0.6,0.0
466,INDORE,PUNE,"4,293","4,285",6.5,9.3,1.1,0.6
467,INDORE,RAIPUR,"4,145","4,077",7.7,0.3,0.6,1.6
468,JABALPUR,MUMBAI,"5,543","5,232",6.8,13.0,0.0,0.0
469,JABALPUR,PUNE,"2,256","2,237",0.0,0.1,0.0,0.0
470,JAGDALPUR,RAIPUR,"1,279","1,342",0.0,0.0,0.0,0.0
471,JAIPUR,KOLKATA,"14,945","15,362",136.0,73.9,2.4,5.7
472,JAIPUR,LUCKNOW,"1,825","1,788",0.1,0.0,0.0,0.0
473,JAIPUR,MUMBAI,"38,547","35,855",225.9,187.9,6.6,18.1
474,JAIPUR,PATNA,"1,657","1,776",3.0,0.0,0.0,0.0
475,JAIPUR,PUNE,"12,384","9,212",37.0,125.6,0.0,0.0
476,JAIPUR,SURAT,"3,304","2,780",0.6,16.7,0.0,0.0
477,JAIPUR,VADODARA,317,202,0.0,0.0,0.0,0.0
478,JAIPUR,VARANASI,"1,433","1,234",2.7,0.6,0.0,0.0
479,JAMMU,KOLKATA,298,599,0.1,0.0,0.0,0.0
480,JAMMU,LEH,"2,045","6,746",11.5,0.0,0.0,0.0
481,JAMMU,MUMBAI,"2,292","7,388",0.0,13.9,0.0,1.4
482,JAMMU,SRINAGAR,"19,703","14,506",20.7,2.9,1.3,2.3
483,JAMMU,VARANASI,"1,234","1,312",0.0,0.0,0.0,0.0
484,JAMNAGAR,MUMBAI,"3,452","3,374",0.0,0.4,0.0,0.0
485,JHARSUGUDA,KOLKATA,"3,139","2,853",2.5,0.2,0.0,0.0
486,JHARSUGUDA,RAIPUR,830,637,0.0,0.0,0.0,0.0
487,JODHPUR,KOLKATA,"1,126","1,135",0.0,0.0,0.0,0.0
488,JODHPUR,MUMBAI,"5,430","5,343",0.1,0.4,0.0,7.0
489,JORHAT,KOLKATA,"3,653","4,111",0.4,2.0,0.0,0.0
490,KADAPA,VIJAYAWADA,177,180,0.0,0.0,0.0,0.0
491,KADAPA,VISAKHAPATNAM,452,512,0.0,0.0,0.0,0.0
492,"KALABURAGI, KARNATAKA",TIRUPATI,643,428,0.0,0.0,0.0,0.0
493,KANDLA,MUMBAI,"2,243","2,269",0.0,0.0,0.0,0.0
494,KANNUR,KOCHI,"2,294","2,241",0.0,0.3,0.0,0.0
495,KANNUR,KOZHIKODE,16,69,0.0,0.0,0.0,0.0
496,KANNUR,MANGALORE,-,77,-,0.0,-,0.0
497,KANNUR,MUMBAI,"3,954","5,323",3.0,1.3,0.0,0.0
498,KANNUR,TRIVANDRUM,"2,249","2,224",0.0,0.0,0.0,0.0
499,KANPUR,MUMBAI,"7,539","7,443",0.0,19.0,0.0,0.0
500,KOCHI,KOLKATA,"3,307","5,118",15.5,20.0,0.8,0.1
501,KOCHI,MUMBAI,"35,313","36,419",72.0,208.9,7.8,21.4
502,KOCHI,MYSORE,879,858,0.0,0.6,0.0,0.0
503,KOCHI,PUNE,"5,517","5,495",6.8,18.1,0.0,0.6
504,KOCHI,RANCHI,436,415,0.3,0.0,0.0,0.0
505,KOCHI,TRIVANDRUM,"2,021","1,734",0.0,0.0,0.0,0.0
506,KOLHAPUR,TIRUPATI,"1,567","1,757",0.0,0.0,0.0,0.0
507,KOLKATA,LILABARI,887,984,1.6,0.1,0.0,0.0
508,KOLKATA,LUCKNOW,"8,544","8,783",32.3,19.3,8.2,2.6
509,KOLKATA,MANGALORE,445,482,0.3,0.0,0.0,0.0
510,KOLKATA,MUMBAI,"69,397","68,891","1,008.7",494.3,19.0,28.1
511,KOLKATA,NAGPUR,"4,375","4,842",20.4,5.2,0.0,0.0
512,KOLKATA,PAKYONG,"1,007",866,0.0,0.0,0.0,0.0
513,KOLKATA,PASIGHAT,-,41,-,0.0,-,0.0
514,KOLKATA,PATNA,"10,034","10,487",22.9,9.2,21.5,6.6
515,KOLKATA,PORT BLAIR,"16,575","20,492",138.8,29.6,16.0,2.8
516,KOLKATA,PUNE,"11,482","11,461",135.8,82.8,0.2,0.3
517,KOLKATA,RAIPUR,"8,070","8,925",32.6,1.0,0.2,8.3
518,KOLKATA,RANCHI,"6,106","5,950",2.0,0.3,0.2,0.0
519,KOLKATA,RUPSI,"1,731","1,684",0.0,0.0,0.0,0.0
520,KOLKATA,SHILLONG,"1,823","1,320",0.2,0.0,0.0,0.0
521,KOLKATA,SILCHAR,"9,195","10,028",84.2,0.5,0.7,0.0
522,KOLKATA,SRINAGAR,"2,577","1,905",0.5,2.1,0.0,0.0
523,KOLKATA,SURAT,"8,140","6,899",36.1,37.5,0.0,0.0
524,KOLKATA,TEZPUR,-,266,-,0.0,-,0.0
525,KOLKATA,TRIVANDRUM,745,159,0.2,0.1,0.0,0.0
526,KOLKATA,VARANASI,"4,211","4,353",18.2,4.9,1.1,0.0
527,KOLKATA,VISAKHAPATNAM,"5,280","4,510",2.0,64.5,0.0,0.0
528,KOZHIKODE,MUMBAI,"9,007","9,911",0.0,31.2,0.0,1.3
529,KURNOOL,VISAKHAPATNAM,761,802,0.0,0.0,0.0,0.0
530,LEH,MUMBAI,-,"5,441",-,18.4,-,0.0
531,LEH,SRINAGAR,"10,097","1,084",59.5,0.0,0.0,0.0
532,LUCKNOW,MUMBAI,"31,843","35,788",81.0,155.0,3.9,14.4
533,LUCKNOW,NAGPUR,"2,176","2,110",0.0,0.0,0.0,0.0
534,LUCKNOW,PATNA,"3,980","4,174",1.6,1.8,2.0,2.5
535,LUCKNOW,PUNE,"5,598","4,925",15.6,14.1,0.0,0.9
536,LUCKNOW,RAIPUR,"1,665","1,573",0.0,0.0,0.0,0.6
537,LUCKNOW,RANCHI,"3,299","3,644",1.3,0.4,0.0,0.0
538,LUCKNOW,SRINAGAR,"1,584","1,868",0.0,10.5,0.0,0.0
539,LUCKNOW,VARANASI,212,4,0.3,0.0,0.0,0.0
540,MADURAI,MUMBAI,"6,494","7,146",18.7,12.4,0.0,1.0
541,MADURAI,TIRUPATI,804,726,0.0,0.0,0.0,0.0
542,MADURAI,VIJAYAWADA,185,162,0.0,0.0,0.0,0.0
543,MANGALORE,MUMBAI,"27,594","27,882",4.2,5.8,0.0,4.9
544,MANGALORE,PUNE,"1,704","1,971",0.0,0.2,0.0,0.3
545,MANGALORE,TRIVANDRUM,-,1,-,0.0,-,0.0
546,MUMBAI,NAGPUR,"30,726","35,137",136.8,124.4,28.9,3.3
547,MUMBAI,PATNA,"22,932","25,088",177.5,67.9,18.3,1.9
548,MUMBAI,PORBANDAR,"2,124","1,842",0.0,0.0,0.0,0.0
549,MUMBAI,PORT BLAIR,72,15,0.0,0.0,0.0,0.0
550,MUMBAI,RAIPUR,"15,534","17,245",97.1,50.8,23.4,0.6
551,MUMBAI,RAJKOT,"13,850","14,173",8.0,5.5,5.2,0.0
552,MUMBAI,RANCHI,"14,100","17,405",106.1,74.6,13.2,2.5
553,MUMBAI,SILCHAR,49,267,0.0,0.0,0.0,0.0
554,MUMBAI,SRINAGAR,"27,365","36,791",25.8,299.9,2.2,0.6
555,MUMBAI,SURAT,"1,941","1,977",3.1,14.6,0.0,0.0
556,MUMBAI,TIRUPATI,"3,537","3,461",1.7,1.2,0.0,0.0
557,MUMBAI,TRIVANDRUM,"11,011","10,660",17.9,7.5,4.0,3.8
558,MUMBAI,UDAIPUR,"16,048","17,252",8.3,0.5,0.0,0.0
559,MUMBAI,VADODARA,"15,628","17,622",11.3,22.5,0.2,0.7
560,MUMBAI,VARANASI,"32,505","30,878",60.1,41.1,6.2,1.1
561,MUMBAI,VISAKHAPATNAM,"6,852","7,400",11.2,24.1,1.2,0.0
562,MUMBAI,Sindhudurg Airport,"1,751","1,715",0.0,0.0,0.0,0.0
563,NAGPUR,PUNE,"18,392","15,950",8.0,26.4,7.4,2.9
564,NAGPUR,RAIPUR,168,-,0.0,-,0.0,-
565,NASIK,PUNE,850,835,0.2,0.0,0.0,0.0
566,PASIGHAT,TEZPUR,12,3,0.0,0.0,0.0,0.0
567,PATNA,PUNE,"8,970","8,631",3.5,14.5,0.0,0.0
568,PATNA,RANCHI,"3,493","3,776",0.6,1.5,0.0,0.0
569,PATNA,VARANASI,565,628,0.1,1.5,0.0,0.0
570,PORT BLAIR,VISAKHAPATNAM,"1,156","1,305",0.0,0.6,0.0,0.0
571,PUNE,RAIPUR,"2,610","2,495",3.5,0.4,0.3,0.0
572,PUNE,RANCHI,"4,762","5,357",27.7,0.6,0.3,0.0
573,PUNE,SURAT,"1,452","1,643",0.3,34.4,0.0,0.0
574,PUNE,TIRUPATI,"1,331","1,177",0.0,0.7,0.0,0.0
575,PUNE,TRIVANDRUM,"4,309","3,650",1.0,0.0,0.4,0.0
576,PUNE,VISAKHAPATNAM,"1,396","1,299",0.2,0.1,0.1,0.0
577,RAIPUR,SRINAGAR,922,950,0.0,0.7,0.0,0.0
578,RAIPUR,VISAKHAPATNAM,433,-,0.1,-,0.0,-
579,RAJAHMUNDRY,TIRUPATI,667,533,0.0,0.0,0.0,0.0
580,RAJAHMUNDRY,VISAKHAPATNAM,759,562,0.3,0.1,0.0,0.0
581,SHILLONG,SILCHAR,380,498,0.0,0.0,0.0,0.0
582,SHIRDI,TIRUPATI,832,893,0.0,0.0,0.0,0.0
583,SHIRDI,VISAKHAPATNAM,137,-,0.0,-,0.0,-
584,TIRUCHIRAPALLY,TIRUPATI,4,9,0.0,0.0,0.0,0.0
585,TIRUPATI,VIJAYAWADA,657,867,0.4,0.0,1.2,0.0
586,TIRUPATI,VISAKHAPATNAM,"1,664","2,020",0.0,0.0,0.0,0.0
587,VIJAYAWADA,VISAKHAPATNAM,"1,678","1,701",0.0,0.3,0.0,0.5
588,Gondia Airport,HYDERABAD,"1,153",932,0.0,0.0,0.0,0.0
589,Gondia Airport,INDORE,"1,254","1,249",0.0,0.0,0.0,0.0
SUB TOTAL,,,"5,685,304","5,785,118","30,816","29,098","1,298","1,134"
TOTAL,,,"11,470,422",,"59,913.83",,"2,431.48",